Mem_Patch_Gen_U0,VITIS_LOOP_207_3,seq_loop_status1.csv
Mem_Patch_Gen_U0,VITIS_LOOP_217_5,seq_loop_status2.csv
Mem_Patch_Gen_U0,VITIS_LOOP_192_1_VITIS_LOOP_195_2,seq_loop_status3.csv
Mem_Patch_Gen_U0.grp_Mem_Patch_Gen_Pipeline_VITIS_LOOP_210_4_fu_260,VITIS_LOOP_210_4,upc_loop_status1.csv
Mem_Patch_Gen_U0.grp_Mem_Patch_Gen_Pipeline_VITIS_LOOP_228_7_VITIS_LOOP_231_8_VITIS_LOOP_234_9_fu_270,VITIS_LOOP_228_7_VITIS_LOOP_231_8_VITIS_LOOP_234_9,upc_loop_status2.csv
Mem_Patch_Gen_U0.grp_Mem_Patch_Gen_Pipeline_VITIS_LOOP_220_6_fu_286,VITIS_LOOP_220_6,upc_loop_status3.csv
Col_Wise_Overlap_Gen_U0.grp_Col_Wise_Overlap_Gen_Pipeline_VITIS_LOOP_263_1_VITIS_LOOP_269_3_VITIS_LOOP_272_4_VITIS_LOOP_275_5_fu_116,VITIS_LOOP_263_1_VITIS_LOOP_269_3_VITIS_LOOP_272_4_VITIS_LOOP_275_5,upc_loop_status4.csv
FFT_R_U0.grp_dataflow_parent_loop_proc11_fu_112,VITIS_LOOP_91_1,df_loop_status1.csv
FFT_R_U0.grp_dataflow_parent_loop_proc11_fu_112.dataflow_in_loop_VITIS_LOOP_91_1_U0.stream_2_buf17_U0,VITIS_LOOP_70_1,upc_loop_status5.csv
FFT_R_U0.grp_dataflow_parent_loop_proc11_fu_112.dataflow_in_loop_VITIS_LOOP_91_1_U0.fft_stage_0_018_U0.grp_fft_stage_0_018_Pipeline_VITIS_LOOP_40_1_fu_66,VITIS_LOOP_40_1,upc_loop_status6.csv
FFT_R_U0.grp_dataflow_parent_loop_proc11_fu_112.dataflow_in_loop_VITIS_LOOP_91_1_U0.fft_stage_0_018_U0.grp_fft_stage_0_018_Pipeline_SKIP_X_fu_75,SKIP_X,upc_loop_status7.csv
FFT_R_U0.grp_dataflow_parent_loop_proc11_fu_112.dataflow_in_loop_VITIS_LOOP_91_1_U0.fft_stage_1_019_U0.grp_fft_stage_1_019_Pipeline_SKIP_X_fu_48,SKIP_X,upc_loop_status8.csv
FFT_R_U0.grp_dataflow_parent_loop_proc11_fu_112.dataflow_in_loop_VITIS_LOOP_91_1_U0.fft_stage_1_019_U0.grp_fft_stage_1_019_Pipeline_VITIS_LOOP_40_1_fu_61,VITIS_LOOP_40_1,upc_loop_status9.csv
FFT_R_U0.grp_dataflow_parent_loop_proc11_fu_112.dataflow_in_loop_VITIS_LOOP_91_1_U0.fft_stage_2_020_U0.grp_fft_stage_2_020_Pipeline_SKIP_X_fu_50,SKIP_X,upc_loop_status10.csv
FFT_R_U0.grp_dataflow_parent_loop_proc11_fu_112.dataflow_in_loop_VITIS_LOOP_91_1_U0.fft_stage_2_020_U0.grp_fft_stage_2_020_Pipeline_VITIS_LOOP_40_1_fu_63,VITIS_LOOP_40_1,upc_loop_status11.csv
FFT_R_U0.grp_dataflow_parent_loop_proc11_fu_112.dataflow_in_loop_VITIS_LOOP_91_1_U0.fft_stage_3_021_U0.grp_fft_stage_3_021_Pipeline_SKIP_X_fu_50,SKIP_X,upc_loop_status12.csv
FFT_R_U0.grp_dataflow_parent_loop_proc11_fu_112.dataflow_in_loop_VITIS_LOOP_91_1_U0.fft_stage_3_021_U0.grp_fft_stage_3_021_Pipeline_VITIS_LOOP_40_1_fu_63,VITIS_LOOP_40_1,upc_loop_status13.csv
FFT_R_U0.grp_dataflow_parent_loop_proc11_fu_112.dataflow_in_loop_VITIS_LOOP_91_1_U0.fft_stage_4_022_U0.grp_fft_stage_4_022_Pipeline_SKIP_X_fu_50,SKIP_X,upc_loop_status14.csv
FFT_R_U0.grp_dataflow_parent_loop_proc11_fu_112.dataflow_in_loop_VITIS_LOOP_91_1_U0.fft_stage_4_022_U0.grp_fft_stage_4_022_Pipeline_VITIS_LOOP_40_1_fu_63,VITIS_LOOP_40_1,upc_loop_status15.csv
FFT_R_U0.grp_dataflow_parent_loop_proc11_fu_112.dataflow_in_loop_VITIS_LOOP_91_1_U0.fft_stage_5_023_U0.grp_fft_stage_5_023_Pipeline_SKIP_X_fu_46,SKIP_X,upc_loop_status16.csv
FFT_R_U0.grp_dataflow_parent_loop_proc11_fu_112.dataflow_in_loop_VITIS_LOOP_91_1_U0.fft_stage_5_023_U0.grp_fft_stage_5_023_Pipeline_VITIS_LOOP_40_1_fu_59,VITIS_LOOP_40_1,upc_loop_status17.csv
FFT_R_U0.grp_dataflow_parent_loop_proc11_fu_112.dataflow_in_loop_VITIS_LOOP_91_1_U0.buf_2_stream24_U0,VITIS_LOOP_80_1,upc_loop_status18.csv
Row_Wise_Synch_U0,VITIS_LOOP_319_1_VITIS_LOOP_322_2_VITIS_LOOP_325_3,seq_loop_status4.csv
Row_Wise_Synch_U0.grp_Row_Wise_Synch_Pipeline_VITIS_LOOP_328_4_VITIS_LOOP_331_5_fu_152,VITIS_LOOP_328_4_VITIS_LOOP_331_5,upc_loop_status19.csv
Row_Wise_Synch_U0.grp_Row_Wise_Synch_Pipeline_VITIS_LOOP_340_6_VITIS_LOOP_343_7_fu_161,VITIS_LOOP_340_6_VITIS_LOOP_343_7,upc_loop_status20.csv
Transpose_U0.grp_dataflow_parent_loop_proc15_fu_82,VITIS_LOOP_436_1,df_loop_status2.csv
Transpose_U0.grp_dataflow_parent_loop_proc15_fu_82.dataflow_parent_loop_proc14_U0,VITIS_LOOP_439_2,df_loop_status3.csv
Transpose_U0.grp_dataflow_parent_loop_proc15_fu_82.dataflow_parent_loop_proc14_U0.dataflow_parent_loop_proc_U0,VITIS_LOOP_442_3,df_loop_status4.csv
Transpose_U0.grp_dataflow_parent_loop_proc15_fu_82.dataflow_parent_loop_proc14_U0.dataflow_parent_loop_proc_U0.dataflow_in_loop_VITIS_LOOP_442_3_U0.ifmap_gen_x_U0,VITIS_LOOP_370_1_VITIS_LOOP_373_2,upc_loop_status21.csv
Transpose_U0.grp_dataflow_parent_loop_proc15_fu_82.dataflow_parent_loop_proc14_U0.dataflow_parent_loop_proc_U0.dataflow_in_loop_VITIS_LOOP_442_3_U0.ifmap_cons_y_U0,VITIS_LOOP_385_1_VITIS_LOOP_388_2,upc_loop_status22.csv
FFT_C_U0.grp_dataflow_parent_loop_proc12_fu_106,VITIS_LOOP_139_1,df_loop_status5.csv
FFT_C_U0.grp_dataflow_parent_loop_proc12_fu_106.dataflow_in_loop_VITIS_LOOP_139_1_U0.stream_2_buf_U0,VITIS_LOOP_70_1,upc_loop_status23.csv
FFT_C_U0.grp_dataflow_parent_loop_proc12_fu_106.dataflow_in_loop_VITIS_LOOP_139_1_U0.fft_stage_0_0_U0.grp_fft_stage_0_0_Pipeline_VITIS_LOOP_40_1_fu_66,VITIS_LOOP_40_1,upc_loop_status24.csv
FFT_C_U0.grp_dataflow_parent_loop_proc12_fu_106.dataflow_in_loop_VITIS_LOOP_139_1_U0.fft_stage_0_0_U0.grp_fft_stage_0_0_Pipeline_SKIP_X_fu_75,SKIP_X,upc_loop_status25.csv
FFT_C_U0.grp_dataflow_parent_loop_proc12_fu_106.dataflow_in_loop_VITIS_LOOP_139_1_U0.fft_stage_1_0_U0.grp_fft_stage_1_0_Pipeline_SKIP_X_fu_48,SKIP_X,upc_loop_status26.csv
FFT_C_U0.grp_dataflow_parent_loop_proc12_fu_106.dataflow_in_loop_VITIS_LOOP_139_1_U0.fft_stage_1_0_U0.grp_fft_stage_1_0_Pipeline_VITIS_LOOP_40_1_fu_61,VITIS_LOOP_40_1,upc_loop_status27.csv
FFT_C_U0.grp_dataflow_parent_loop_proc12_fu_106.dataflow_in_loop_VITIS_LOOP_139_1_U0.fft_stage_2_0_U0.grp_fft_stage_2_0_Pipeline_SKIP_X_fu_50,SKIP_X,upc_loop_status28.csv
FFT_C_U0.grp_dataflow_parent_loop_proc12_fu_106.dataflow_in_loop_VITIS_LOOP_139_1_U0.fft_stage_2_0_U0.grp_fft_stage_2_0_Pipeline_VITIS_LOOP_40_1_fu_63,VITIS_LOOP_40_1,upc_loop_status29.csv
FFT_C_U0.grp_dataflow_parent_loop_proc12_fu_106.dataflow_in_loop_VITIS_LOOP_139_1_U0.fft_stage_3_0_U0.grp_fft_stage_3_0_Pipeline_SKIP_X_fu_50,SKIP_X,upc_loop_status30.csv
FFT_C_U0.grp_dataflow_parent_loop_proc12_fu_106.dataflow_in_loop_VITIS_LOOP_139_1_U0.fft_stage_3_0_U0.grp_fft_stage_3_0_Pipeline_VITIS_LOOP_40_1_fu_63,VITIS_LOOP_40_1,upc_loop_status31.csv
FFT_C_U0.grp_dataflow_parent_loop_proc12_fu_106.dataflow_in_loop_VITIS_LOOP_139_1_U0.fft_stage_4_0_U0.grp_fft_stage_4_0_Pipeline_SKIP_X_fu_50,SKIP_X,upc_loop_status32.csv
FFT_C_U0.grp_dataflow_parent_loop_proc12_fu_106.dataflow_in_loop_VITIS_LOOP_139_1_U0.fft_stage_4_0_U0.grp_fft_stage_4_0_Pipeline_VITIS_LOOP_40_1_fu_63,VITIS_LOOP_40_1,upc_loop_status33.csv
FFT_C_U0.grp_dataflow_parent_loop_proc12_fu_106.dataflow_in_loop_VITIS_LOOP_139_1_U0.fft_stage_5_0_U0.grp_fft_stage_5_0_Pipeline_SKIP_X_fu_50,SKIP_X,upc_loop_status34.csv
FFT_C_U0.grp_dataflow_parent_loop_proc12_fu_106.dataflow_in_loop_VITIS_LOOP_139_1_U0.fft_stage_5_0_U0.grp_fft_stage_5_0_Pipeline_VITIS_LOOP_40_1_fu_63,VITIS_LOOP_40_1,upc_loop_status35.csv
FFT_C_U0.grp_dataflow_parent_loop_proc12_fu_106.dataflow_in_loop_VITIS_LOOP_139_1_U0.buf_2_stream_U0,VITIS_LOOP_80_1,upc_loop_status36.csv
Mem_patch_Wr_U0.grp_dataflow_parent_loop_proc16_fu_70,VITIS_LOOP_465_1,df_loop_status6.csv
Mem_patch_Wr_U0.grp_dataflow_parent_loop_proc16_fu_70.dataflow_parent_loop_proc13_U0,VITIS_LOOP_468_2,df_loop_status7.csv
Mem_patch_Wr_U0.grp_dataflow_parent_loop_proc16_fu_70.dataflow_parent_loop_proc13_U0.dataflow_parent_loop_proc10_U0,VITIS_LOOP_471_3,df_loop_status8.csv
Mem_patch_Wr_U0.grp_dataflow_parent_loop_proc16_fu_70.dataflow_parent_loop_proc13_U0.dataflow_parent_loop_proc10_U0.dataflow_in_loop_VITIS_LOOP_471_3_U0.ifmap_gen_y_U0,VITIS_LOOP_400_1_VITIS_LOOP_403_2,upc_loop_status37.csv
Mem_patch_Wr_U0.grp_dataflow_parent_loop_proc16_fu_70.dataflow_parent_loop_proc13_U0.dataflow_parent_loop_proc10_U0.dataflow_in_loop_VITIS_LOOP_471_3_U0.ifmap_vec_write_U0,VITIS_LOOP_416_1,seq_loop_status5.csv
Mem_patch_Wr_U0.grp_dataflow_parent_loop_proc16_fu_70.dataflow_parent_loop_proc13_U0.dataflow_parent_loop_proc10_U0.dataflow_in_loop_VITIS_LOOP_471_3_U0.ifmap_vec_write_U0.grp_ifmap_vec_write_Pipeline_VITIS_LOOP_419_2_fu_107,VITIS_LOOP_419_2,upc_loop_status38.csv
